Fund Name,P1,P2,P3,P4,P5,weighted_sum
,0.84,-0.71,6.7,42.1,12.59,0.13
,0.91,-0.83,7.0,31.7,10.11,0.08000000000000007
,0.79,-0.62,4.8,46.7,13.23,0.17000000000000004
,0.78,-0.61,6.4,42.4,12.55,0.17000000000000004
,0.94,-0.88,3.6,62.2,16.91,0.05999999999999994
,0.88,-0.77,6.5,51.5,14.91,0.10999999999999999
,0.66,-0.44,5.3,48.9,13.83,0.22000000000000003
,0.93,-0.86,3.4,37.0,10.55,0.07000000000000006
